{"cameraMode":{"drawMode":0,"name":"Shaded","section":"Shading Mode"},"sceneLighting":false,"audioPlay":false,"sceneViewState":{"showFog":true,"showMaterialUpdate":false,"showSkybox":false,"showFlares":true,"showImageEffects":true,"showParticleSystems":true},"in2DMode":false,"pivot":{"x":-2.4800000190734865,"y":0.9300000667572022,"z":-2.6700000762939455},"rotation":{"x":0.004600124899297953,"y":-0.9759168028831482,"z":0.02328113093972206,"w":0.21827659010887147},"size":12.00311279296875,"orthographic":false}