{"cameraMode":{"drawMode":0,"name":"Shaded","section":"Shading Mode"},"sceneLighting":false,"audioPlay":false,"sceneViewState":{"showFog":true,"showMaterialUpdate":false,"showSkybox":false,"showFlares":true,"showImageEffects":true,"showParticleSystems":true},"in2DMode":false,"pivot":{"x":35.15473937988281,"y":-12.79910945892334,"z":13.378349304199219},"rotation":{"x":0.13939876854419709,"y":0.5825774669647217,"z":-0.11497317254543305,"w":0.7938287258148193},"size":44.169132232666019,"orthographic":false}