{"cameraMode":{"drawMode":0,"name":"Shaded","section":"Shading Mode"},"sceneLighting":false,"audioPlay":false,"sceneViewState":{"showFog":true,"showMaterialUpdate":false,"showSkybox":false,"showFlares":true,"showImageEffects":true,"showParticleSystems":true},"in2DMode":false,"pivot":{"x":44.492431640625,"y":-14.470406532287598,"z":-6.567066192626953},"rotation":{"x":0.01353689469397068,"y":-0.9667994379997253,"z":0.2578076422214508,"w":0.038199905306100848},"size":53.62843322753906,"orthographic":false}