{"cameraMode":{"drawMode":0,"name":"Shaded","section":"Shading Mode"},"sceneLighting":false,"audioPlay":false,"sceneViewState":{"showFog":true,"showMaterialUpdate":false,"showSkybox":false,"showFlares":true,"showImageEffects":true,"showParticleSystems":true},"in2DMode":false,"pivot":{"x":60.06013870239258,"y":0.6797133088111877,"z":-0.039722152054309848},"rotation":{"x":-0.04625439643859863,"y":-0.9102856516838074,"z":0.11357489228248596,"w":-0.39892736077308657},"size":53.62843322753906,"orthographic":false}