{"cameraMode":{"drawMode":0,"name":"Shaded","section":"Shading Mode"},"sceneLighting":true,"audioPlay":false,"sceneViewState":{"showFog":true,"showMaterialUpdate":false,"showSkybox":true,"showFlares":true,"showImageEffects":true,"showParticleSystems":true},"in2DMode":false,"pivot":{"x":-4.414608478546143,"y":32.176902770996097,"z":42.40200424194336},"rotation":{"x":-0.011000989004969597,"y":-0.9546791911125183,"z":0.30154603719711306,"w":-0.0033726824913173916},"size":22.0,"orthographic":false}