{"cameraMode":{"drawMode":0,"name":"Shaded","section":"Shading Mode"},"sceneLighting":false,"audioPlay":false,"sceneViewState":{"showFog":true,"showMaterialUpdate":false,"showSkybox":false,"showFlares":true,"showImageEffects":true,"showParticleSystems":true},"in2DMode":false,"pivot":{"x":-13.70947265625,"y":-3.1712589263916017,"z":-16.54610824584961},"rotation":{"x":0.10678797215223313,"y":-0.767727792263031,"z":0.12673313915729524,"w":0.6212324500083923},"size":33.70520782470703,"orthographic":false}