{"cameraMode":{"drawMode":0,"name":"Shaded","section":"Shading Mode"},"sceneLighting":false,"audioPlay":false,"sceneViewState":{"showFog":true,"showMaterialUpdate":false,"showSkybox":false,"showFlares":true,"showImageEffects":true,"showParticleSystems":true},"in2DMode":false,"pivot":{"x":-21.06804656982422,"y":2.6898036003112795,"z":-34.62308120727539},"rotation":{"x":-0.0004577652725856751,"y":0.9888554811477661,"z":-0.011824189685285092,"w":-0.15783271193504334},"size":43.01577377319336,"orthographic":false}